,Hà Nội,TP. Hồ Chí Minh,Cần Thơ,Biên Hòa,Nha Trang,Huế,Hạ Long,Thái Nguyên,Buôn Ma Thuột,Sóc Trăng,Vũng Tàu,Quy Nhơn,Nam Định,Hải Dương,Vinh,Rạch Giá,Quảng Ngãi,Hưng Yên,Bắc Giang,Bảo Lộc,Long Xuyên,Thủ Dầu Một,Phan Rang-Tháp Chàm,Yên Bái,Bắc Ninh,Việt Trì,Yên Vinh,Thuận An,Phan Thiết,Đông Hà,Châu Đốc,Vĩnh Yên,Hòa Bình,Cà Mau,Tuy Hòa,Thái Bình,Lạng Sơn,Mỹ Tho,Sơn La,Điện Biên Phủ,Bạc Liêu,Đà Lạt,Hậu Giang,Hà Tĩnh,Ninh Bình,Lào Cai,Đồng Hới,Tây Ninh,Tây Ninh,Cao Bằng,Hà Nam,Bến Tre,Tuyên Quang,Quảng Trị,Kon Tum,Phủ Lý,Thanh Hóa,Hà Tây,Sơn Tây,Bắc Kạn,Bạc Giang,Hà Giang,Bắc Ninh,Tây Ninh,Lai Châu,Lạng Sơn,Hà Giang,Quảng Bình,Hải Phòng,Đà Nẵng
Hà Nội,0.0,1132.3724688423547,1215.3659402407886,1120.688992086435,1035.886233667746,537.418041592143,127.04322769247,62.63802231499881,954.0811598620706,1264.304830136598,1189.4116520858522,878.7209249543318,74.1080852528175,50.78535558749587,260.91912600954737,1220.8354952536513,724.620207671642,47.006795391576404,44.482329599520696,1069.471101391997,1178.468282509417,1116.4389668525193,1099.1472228218322,124.3999120150786,28.85703755569592,57.16632612040103,262.2811766246938,1121.9410457972224,1143.1921420181777,484.9261870119691,1145.3114868026455,40.41855812537386,58.68873262843576,1313.5594320753648,943.8227842298764,82.04401017958543,131.10233744550445,1182.4585108769604,204.50582404876417,297.2521635357833,1298.5178942115365,1043.3693506512195,1244.8988070926168,298.3755604939477,86.78650052189029,252.93567236314928,402.17134531311575,1076.7371586414354,1076.7371586414354,185.87370937696443,54.354572879565545,1195.2551013143745,109.95042895069578,494.4196981818617,773.1026217407292,54.354572879565545,135.42192162203722,50.78535558749587,38.32854265769753,123.98048599793717,44.482329599520696,218.17192815627453,28.85703755569592,1076.7371586414354,290.4828694348803,131.10233744550445,218.17192815627453,394.11799950704705,87.40812398997205,602.8101588766676
TP. Hồ Chí Minh,1132.3724688423547,0.0,129.36317331591675,25.170865609548443,320.8343286674382,632.6568643592356,1121.8339651256038,1194.8833809681867,255.37680403663992,152.52850929945464,72.51877497717085,431.68176454735277,1063.7079435874832,1120.0716036815177,874.8767627995459,191.12294007022916,530.7250393526832,1088.7917251706097,1157.2609603039714,150.68744572459434,139.32580427011823,16.355148383180758,270.1497490712644,1220.0729683346476,1148.2999501627296,1169.2957188856394,873.9774281355438,21.4786859335573,161.40420210745947,664.5520427984828,165.80685122273738,1165.4619687384343,1114.076779610166,243.50395505589375,367.0425774905588,1065.3658513284167,1220.76104662081,59.20711379573143,1197.945592756112,1230.8158074092535,196.09741371282075,234.74780720348735,170.88632276602198,843.8070246253906,1045.8198490706804,1321.3224930249974,735.3695247650264,78.37433412015444,78.37433412015444,1311.3879492019369,1078.1087953114732,70.36346579142597,1226.6067992714525,658.1892285269568,418.3986908260913,1078.1087953114732,998.3643513730298,1120.0716036815177,1147.9880655339387,1256.179334534625,1157.2609603039714,1339.5894868428643,1148.2999501627296,78.37433412015444,1324.5549444210008,1220.76104662081,1339.5894868428643,742.7889157852443,1110.5629984242912,605.0187149211133
Cần Thơ,1215.3659402407886,129.36317331591675,0.0,154.25963280344405,448.1423259543166,737.5897007978639,1215.14052860911,1277.9924470237795,382.9831473923985,55.20092517885044,150.24686034520806,560.1038698298756,1149.3705081543912,1207.2381842777972,954.9933292039556,72.76763128129127,652.2837447276195,1173.4605646375055,1243.2282209677114,279.1309397774023,50.85078442846002,142.3495879943422,392.1111248676399,1295.2794408951681,1233.251364574614,1248.4420855880471,953.8173770611126,150.66509760670647,275.697144509446,762.8096675771284,100.10051267523541,1246.3734478134131,1192.265797434358,116.0056794718428,496.36227676113987,1152.6672854476622,1311.1445575498292,76.17450866604095,1263.5521316006436,1288.293235026882,83.16916981668552,362.93443907294403,41.549847370753625,920.6440884478664,1129.7082636018454,1389.5968942501029,826.7871800135104,144.18559880585605,144.18559880585605,1397.7396279426835,1161.5799499761242,72.10318484887831,1304.5364289294016,757.6637150670653,536.3896176275566,1161.5799499761242,1080.1397886687064,1207.2381842777972,1227.9297443044795,1339.2978263479406,1243.2282209677114,1416.4174719946486,1233.251364574614,144.18559880585605,1388.3958728242892,1311.1445575498292,1416.4174719946486,833.6841643188543,1200.6533830225608,717.8389701376249
Biên Hòa,1120.688992086435,25.170865609548443,154.25963280344405,0.0,295.69729284056086,616.2076856891888,1107.7000352346304,1183.1110251873754,232.02679043913597,174.8186803083672,72.07095855666965,407.6951639608003,1051.4703218705895,1107.416371132016,864.2246428738271,216.21558016922,509.4366873106985,1076.7612085903734,1144.853394823493,125.51659843937834,164.01804812388053,18.951232047767935,245.84596367548045,1210.0955448321204,1136.1406482707175,1158.4677044238333,863.3922818287341,3.730324014366155,139.68862327938947,649.8282812654237,188.4259229829437,1154.2295882248895,1103.5295697389092,267.7956084991461,342.3660085942005,1052.7362242488498,1207.248226375449,82.1678724678939,1190.144024283325,1224.7557410677173,218.79049248662074,209.57754102121552,195.73503679962093,833.9861874741548,1034.0232554741997,1312.8053608488437,722.24437025502,88.36233139156231,88.36233139156231,1298.7597527593514,1066.3725640745963,92.2455822346259,1216.0017507225587,643.1586594211997,398.5447966438606,1066.3725640745963,987.1267297985196,1107.416371132016,1136.9985291884143,1244.3501122027426,1144.853394823493,1329.136740043046,1136.1406482707175,88.36233139156231,1317.012609142002,1207.248226375449,1329.136740043046,729.7788034727001,1097.217996087942,586.3754716254246
Nha Trang,1035.886233667746,320.8343286674382,448.1423259543166,295.69729284056086,0.0,498.4992336605564,990.4311846554357,1094.9302535747388,134.52060368974153,456.72492160398605,311.4918043369319,170.14190238222128,962.0900942404605,1010.2144385331334,805.6599944883088,511.8875732610164,321.60546946988825,989.0855796757634,1049.5888694009946,170.4829885440434,458.8803616524722,310.96035742507536,77.835748416888,1144.277975706573,1044.4842865049636,1083.4609535878003,805.7545734880135,299.416378877355,187.77005901541582,553.9918440155744,476.2705590208665,1074.11438404276,1034.208615750278,556.90103853057,94.64902497891684,958.0572788924616,1095.1139068626228,372.5423191672813,1152.3737780324302,1207.1626798621562,500.3135971258392,86.90059236922497,488.9931069610423,788.2176284256576,951.2609805981118,1262.3286822850114,641.5734572824897,353.020331525224,353.020331525224,1195.817124538481,983.0192351520933,379.274380645606,1141.9367977639529,543.6042832694313,267.21020944591055,983.0192351520933,913.9292395163309,1010.2144385331334,1060.6691385196245,1153.4840224913437,1049.5888694009946,1253.7117489537416,1044.4842865049636,353.020331525224,1278.5249036786727,1095.1139068626228,1253.7117489537416,650.0015410128838,991.1082757923438,436.7955499656252
Huế,537.418041592143,632.6568643592356,737.5897007978639,616.2076856891888,498.4992336605564,0.0,499.7612459056927,596.7825196210505,422.79318390287375,778.7851150678546,679.0499968089905,345.2638601899148,463.70503365273925,512.9918275075614,317.4680499317646,762.7507168049575,197.51938610523274,490.66351573198415,552.2150926628817,544.3430570038829,711.6694842818484,616.3023815216425,562.3781077718165,646.8031035162336,546.5549499873805,585.1841853880165,318.10029729991726,618.2121806472084,614.8780380428078,64.7573697536493,691.1676312455124,575.6242995113691,536.8528101073043,848.3433894329542,406.95560906611996,460.16369345275257,602.9624503498786,688.7340596366569,663.2000352617551,727.118943540786,818.6027904760667,509.1424747165749,773.7148871005006,310.1153029614858,452.82969428194855,767.2181755438759,151.6971684137687,593.404111879289,593.404111879289,701.0330597559665,484.53025901504975,701.1405918243853,643.5925194321292,52.937721398804015,237.60342834040284,484.53025901504975,416.9437127581092,512.9918275075614,562.3565244269996,655.8359401320491,552.2150926628817,755.2157124729172,546.5549499873805,593.404111879289,787.0216237927226,602.9624503498786,755.2157124729172,159.88723276510933,495.99252708745655,79.53061572333019
Hạ Long,127.04322769247,1121.8339651256038,1215.14052860911,1107.7000352346304,990.4311846554357,499.7612459056927,0.0,145.6885504277003,922.5481783272029,1261.1870350713077,1173.604310388409,826.2897895419082,111.39683203104295,76.94380123056852,290.647811658084,1228.169991818919,670.9338091794358,111.65878991527444,97.94839031584291,1043.5270853663164,1182.1808798247869,1105.5845842392816,1058.474952524722,239.98597078002257,106.88937724960545,178.41120140582595,292.8821887558128,1109.3437283558922,1114.5998745901045,458.2605347018086,1153.2110316007056,157.64131304455975,181.1381585135882,1319.068436761324,896.367003964865,94.49033435205112,104.95610130387507,1175.0989743853872,331.12213332020303,424.01880128175367,1298.0336488566302,1008.118886166459,1247.5458644042842,333.822729667137,138.17812965458046,363.14438569514647,388.3556078894119,1072.954325375697,1072.954325375697,208.31102695362102,128.1339920382809,1187.8027992414231,215.20066608456898,465.6083557795013,736.8185176982448,128.1339920382809,185.4284514659042,76.94380123056852,164.33397755619484,184.70148836296877,97.94839031584291,299.3201551014747,106.88937724960545,1072.954325375697,406.86217905898525,104.95610130387507,299.3201551014747,381.5245862639688,42.69732689627414,553.7625908559623
Thái Nguyên,62.63802231499881,1194.8833809681867,1277.9924470237795,1183.1110251873754,1094.9302535747388,596.7825196210505,145.6885504277003,0.0,1014.9991639172694,1326.9428179332829,1251.7264334438348,936.2891012032989,133.49228394686128,88.15637292507141,323.40701614355794,1283.2847205667815,781.647409266889,107.03508598500686,50.59522974260487,1131.036825133828,1241.034670172411,1178.9368504371375,1158.9996203284281,98.02769669598723,50.9736664498881,55.1623626856917,324.7324399343022,1184.378711828656,1204.55058503414,545.5739492963208,1207.7564831204393,40.533677948065474,101.37928024936,1376.0556133756722,1002.4209774936061,137.03029579150243,98.74642146358339,1245.0535652854182,203.0317229568641,294.35367769327655,1361.1427157878975,1103.9170028224962,1307.480201977814,360.38399340062534,149.08805789393222,217.49298204903283,463.78364652150975,1139.368351432793,1139.368351432793,125.6584692855748,116.77648426662618,1257.849799674711,69.92967080020094,554.8443553059441,833.2168312805434,116.77648426662618,197.95386348090665,88.15637292507141,61.61201034822461,61.34844181615787,50.59522974260487,162.72648305389103,50.9736664498881,1139.368351432793,262.26877721383966,98.74642146358339,162.72648305389103,455.7983666885273,118.30017319068001,660.4397222689164
Buôn Ma Thuột,954.0811598620706,255.37680403663992,382.9831473923985,232.02679043913597,134.52060368974153,422.79318390287375,922.5481783272029,1014.9991639172694,0.0,406.7396433231101,277.1119668761627,177.61302582361265,881.5152191288456,933.4248127569424,711.0644020200057,435.5866334071929,283.72016947088895,908.0537897358635,972.2954204708693,126.59946293560637,379.87505771295645,241.05699556458387,159.57106524344323,1055.829894558437,965.6108814239857,998.1030987549071,710.8194818824876,235.24430590696664,192.48214201898935,469.48820981751027,385.4541486388975,990.7174690992082,946.2254227009928,498.42429101371886,123.4531463303938,879.6970915622101,1025.661598908394,314.12410433041845,1053.987215430562,1102.6995398183865,450.79606279239465,92.47784498576115,424.37002170780715,688.7931970756633,867.8332341793622,1169.0361266769537,552.6947461730167,259.59476511488754,259.59476511488754,1122.9048368912747,900.1440156763397,324.21299188035215,1056.6497959090796,460.49705433388255,186.70495959905745,900.1440156763397,826.2710758096714,933.4248127569424,975.6497420286411,1075.099133855713,972.2954204708693,1169.6905048923913,965.6108814239857,259.59476511488754,1181.1895184891707,1025.661598908394,1169.6905048923913,560.9360250772339,918.087517858867,376.7047525773044
Sóc Trăng,1264.304830136598,152.52850929945464,55.20092517885044,174.8186803083672,456.72492160398605,778.7851150678546,1261.1870350713077,1326.9428179332829,406.7396433231101,0.0,146.29821872391898,581.458345468104,1197.588142752357,1255.0956069559757,1004.3867090140759,108.64384967104513,683.2004392601563,1221.9525767849063,1291.430770574206,292.975213474441,105.20349322663951,168.07382913447742,394.14093365530067,1345.982257201238,1281.7119233551487,1298.294409251457,1003.2720214343974,171.71196226827598,274.81577734780524,806.7025357367111,153.95964443495652,1295.8265279884004,1242.2896893531624,102.1641401437771,513.7744048105944,1200.4491713895347,1358.1516817509914,93.33688907731344,1315.9006202691967,1341.7275049730795,44.27971469591089,374.5349763544332,58.926817751239916,970.7126884955817,1178.3645225109265,1441.5912716899077,873.0437682612833,188.28083308128478,188.28083308128478,1445.9277567884012,1210.3639345260324,82.57440083741184,1354.6855503146217,801.1005920524948,570.0792252105277,1210.3639345260324,1129.2693867304654,1255.0956069559757,1277.5920235797105,1388.281092947531,1291.430770574206,1466.855484096971,1281.7119233551487,188.28083308128478,1441.0607220945274,1358.1516817509914,1466.855484096971,880.1078492723021,1247.6786311439428,755.0507680568868
Vũng Tàu,1189.4116520858522,72.51877497717085,150.24686034520806,72.07095855666965,311.4918043369319,679.0499968089905,1173.604310388409,1251.7264334438348,277.1119668761627,146.29821872391898,0.0,445.26289818638827,1119.67208152945,1175.146368465998,933.9435800922043,222.14567994529364,560.2329588969407,1145.162479199851,1212.8365411234106,154.14507698060456,180.6228819561613,83.55062446878088,247.8533709572012,1280.2019594029432,1204.3871874729912,1227.9366597002504,933.1632097751699,72.0731964658812,128.67669029410067,715.3567646800359,218.7475469776026,1223.354476700485,1173.2399539396513,248.03800185428946,374.07120653742106,1120.52007752151,1273.9193079845247,78.39985794387445,1261.473415646274,1296.630646575574,189.20309925564615,231.58799695356117,187.02725061374517,904.3134761171985,1102.67240476728,1383.7848006260267,789.7129301821193,150.79512145351032,150.79512145351032,1366.445853021337,1135.065941866142,78.5512207198025,1285.6357101957713,708.2547642532426,454.69970239467267,1135.065941866142,1056.3083100486251,1175.146368465998,1206.33896659326,1312.8902366696882,1212.8365411234106,1398.8647311716222,1204.3871874729912,150.79512145351032,1388.4339756003324,1273.9193079845247,1398.8647311716222,797.369468888288,1164.15005042996,644.7268507670918
Quy Nhơn,878.7209249543318,431.68176454735277,560.1038698298756,407.6951639608003,170.14190238222128,345.2638601899148,826.2897895419082,936.2891012032989,177.61302582361265,581.458345468104,445.26289818638827,0.0,804.628848557873,850.227314972664,660.9286699569649,613.13009325053,155.39122031521336,831.7272362207317,889.6692647868248,291.15291882084614,557.3751954605938,417.8557991110979,245.84815904316523,991.0837474523911,885.4863452650508,928.3784499533863,661.3525893877904,411.05841424067944,337.8358104346569,405.7902485414786,561.2841066922306,917.7548798851301,881.363246180729,675.1522666631197,77.46765442598141,799.2797060779778,931.2138938485435,489.81607308127116,1007.7851998750227,1068.8068620057988,625.7050727739509,219.45885133499996,601.5727372586671,648.7840874467255,795.7482235317448,1112.3815495104411,494.69450574133714,436.06585090491774,436.06585090491774,1033.0910480261887,826.897253325416,499.3277016716166,986.4774079386594,394.57060061216583,146.09770371902184,826.897253325416,761.8299765954309,850.227314972664,905.4899892998884,993.6864337461054,889.6692647868248,1096.8890085546375,885.4863452650508,436.06585090491774,1132.1356212452442,931.2138938485435,1096.8890085546375,503.0863283099495,829.2664155642198,275.92317897761563
Nam Định,74.1080852528175,1063.7079435874832,1149.3705081543912,1051.4703218705895,962.0900942404605,463.70503365273925,111.39683203104295,133.49228394686128,881.5152191288456,1197.588142752357,1119.67208152945,804.628848557873,0.0,59.82224921857915,199.82410805007922,1157.0373176119804,650.5132449003614,27.101900807904244,93.8584085609353,997.7978121823293,1113.5393774602092,1047.6851723077943,1025.721166776455,193.7688359193261,84.72481058235033,127.03222287596203,201.58800450680653,1052.8084135905788,1071.1833015919283,412.0816657107957,1081.5940039292834,113.72057528628886,95.98347653612593,1249.307552267278,869.8905433444078,18.925333175702242,169.9569078630366,1114.5922811752441,254.62016813467767,344.06952353433263,1232.5373963611316,970.4389442226466,1179.7386090002306,240.60101832555034,27.304706018399727,321.9154504605281,330.7425980354761,1009.6325940239107,1009.6325940239107,248.3720077484079,28.128318787984423,1127.3800780383394,183.24147844552726,421.36757748218395,699.8277591346498,28.128318787984423,79.40270138008393,59.82224921857915,104.62758949685941,193.83929656026694,93.8584085609353,292.26055394835714,84.72481058235033,1009.6325940239107,355.2624711585393,169.9569078630366,292.26055394835714,322.8413940449941,71.84564782132027,528.7132824899193
Hải Dương,50.78535558749587,1120.0716036815177,1207.2381842777972,1107.416371132016,1010.2144385331334,512.9918275075614,76.94380123056852,88.15637292507141,933.4248127569424,1255.0956069559757,1175.146368465998,850.227314972664,59.82224921857915,0.0,259.58962861884316,1215.728308694973,695.2790991331101,43.902636089385396,39.44211835178756,1051.1378820579287,1171.855638078337,1103.9903887148873,1075.3342918566298,171.08914469489156,38.16423165159885,105.62140878810247,261.3741764151418,1108.8225517340368,1123.9676739174306,464.17353317435834,1140.3258965004925,86.0103343129471,104.48547537670458,1307.8343911713255,917.2589653115134,54.710498224796794,110.36342572396717,1171.4737188718275,255.28011117873237,347.98570189037844,1290.3908038696263,1021.4855744455651,1237.9501660544865,300.4148486945497,84.83870875790863,298.35794463940607,385.4593637217188,1066.9960367880633,1066.9960367880633,191.3435437756681,61.504285474746766,1184.251639528205,151.4007818543213,472.9436195371014,750.2231099955717,61.504285474746766,138.30808576250578,0.0,88.90554714302048,143.46241667573065,39.44211835178756,250.85197887625338,38.16423165159885,1066.9960367880633,338.40398996120746,110.36342572396717,250.85197887625338,377.7769389877839,36.65513636339017,574.6454330000485
Vinh,260.91912600954737,874.8767627995459,954.9933292039556,864.2246428738271,805.6599944883088,317.4680499317646,290.647811658084,323.40701614355794,711.0644020200057,1004.3867090140759,933.9435800922043,660.9286699569649,199.82410805007922,259.58962861884316,0.0,959.9174003326751,514.9038553513425,221.33103115681263,292.17889277497,820.7225856230614,917.680508596669,859.118268138041,862.8120845910316,346.86151122848986,280.72050874075956,294.4517699695475,2.686014621109251,865.3049328880618,895.7704683627817,255.18338150535996,884.394441871951,291.44030592743724,239.31097324956548,1052.6513112402808,717.7919793056343,207.5925501757002,369.1187078977932,923.7464981909877,347.2338592577941,409.856563806813,1038.110762746281,802.4965507977328,984.1648007946975,43.444644031881545,177.05009363022594,458.08449353645307,166.28999345782447,817.2789111708606,817.2789111708606,445.5558027637956,207.914844486431,936.5420023542997,351.7816870780733,266.526572959348,538.5499204026119,207.914844486431,125.50355875866387,259.58962861884316,273.35804914876553,384.5828146658428,292.17889277497,464.9328966419203,280.72050874075956,817.2789111708606,472.88861750669406,369.1187078977932,464.9328966419203,157.93328071048916,262.7591766964851,394.0596780065188
Rạch Giá,1220.8354952536513,191.12294007022916,72.76763128129127,216.21558016922,511.8875732610164,762.7507168049575,1228.169991818919,1283.2847205667815,435.5866334071929,108.64384967104513,222.14567994529364,613.13009325053,1157.0373176119804,1215.728308694973,959.9174003326751,0.0,693.9857337895199,1180.3046386390795,1250.700124399104,341.5216472574024,55.85917635958044,201.2494839841163,459.71304767128817,1295.060045521966,1240.0349493383048,1251.0919469405358,958.5610483450481,212.49164012503914,345.3591935849979,782.4341919104603,75.53348850331896,1250.2528236220246,1194.5081763699643,93.70124981556314,553.4023861919168,1161.4998192568657,1321.6010842885057,145.52964845561567,1257.1971596129968,1276.7761875481733,106.78940338725135,425.55539889419487,50.27591061314039,923.6086978743909,1136.2087005030169,1384.4574881459514,840.7056020023198,180.10836603042375,180.10836603042375,1404.9297310984596,1167.6305740453479,143.59949155155707,1306.1253955790808,778.2772397589811,575.3585611547071,1167.6305740453479,1085.4200328494328,1215.728308694973,1231.2153780879485,1344.3666765226678,1250.700124399104,1416.853940749983,1240.0349493383048,180.10836603042375,1380.4322512002911,1321.6010842885057,1416.853940749983,847.1615024825901,1211.3193215454612,750.03237072864
Quảng Ngãi,724.620207671642,530.7250393526832,652.2837447276195,509.4366873106985,321.60546946988825,197.51938610523274,670.9338091794358,781.647409266889,283.72016947088895,683.2004392601563,560.2329588969407,155.39122031521336,650.5132449003614,695.2790991331101,514.9038553513425,693.9857337895199,0.0,677.6135265778902,734.7149817141182,410.0001207420386,638.7711400589742,515.134618417794,393.6592720733372,838.4840449572762,730.7777862950522,775.0382433845106,515.5690355111428,512.2762631068837,469.95222702888844,261.1951622085197,631.4585681611162,763.9105640887678,729.1446661695473,768.0717637877052,226.96532185668497,644.7131607949024,775.8472307513724,589.8712218174609,859.8406989072125,924.6305619784968,726.4126281239351,353.80256430552646,692.3919528295851,507.03624906025476,642.4519385799405,961.15342790571,349.1942376184766,514.1704778691771,514.1704778691771,877.7056598859527,673.2791732511715,601.012808599002,832.9038686171479,249.49579647044723,120.59394972040376,673.2791732511715,610.3501267973961,695.2790991331101,752.14341885723,838.7110826154382,734.7149817141182,942.7075684425388,730.7777862950522,514.1704778691771,982.7789047593778,775.8472307513724,942.7075684425388,357.40239379098693,673.9754751367776,122.63365601658626
Hưng Yên,47.006795391576404,1088.7917251706097,1173.4605646375055,1076.7612085903734,989.0855796757634,490.66351573198415,111.65878991527444,107.03508598500686,908.0537897358635,1221.9525767849063,1145.162479199851,831.7272362207317,27.101900807904244,43.902636089385396,221.33103115681263,1180.3046386390795,677.6135265778902,0.0,70.88620839185289,1024.0062409388515,1137.225664532481,1072.8012387591025,1052.5820734959743,167.97861535095697,59.79622236828099,100.82221248810288,222.9303347001543,1078.0671005093009,1097.5195691765452,438.69925599583576,1104.8213985595878,86.77186675178356,76.46174481499828,1272.7547256879432,896.9344976293511,37.54565442264839,152.63602673756304,1139.3805652840254,234.9293456549545,325.8863370094886,1256.6293648089913,997.1157823322977,1203.5187361526164,260.86649453202887,44.28216198736428,296.45354424840616,356.7771483020021,1034.1249864817642,1034.1249864817642,224.62527192933536,17.6997164056126,1152.17266504666,156.36899646017275,448.0676216460228,726.6269977755408,17.6997164056126,97.21633117871785,43.902636089385396,78.8343395515307,167.82523124642375,70.88620839185289,265.1617731777217,59.79622236828099,1034.1249864817642,331.1874987037109,152.63602673756304,265.1617731777217,348.81129686816865,69.09627678906914,555.8129299219149
Bắc Giang,44.482329599520696,1157.2609603039714,1243.2282209677114,1144.853394823493,1049.5888694009946,552.2150926628817,97.94839031584291,50.59522974260487,972.2954204708693,1291.430770574206,1212.8365411234106,889.6692647868248,93.8584085609353,39.44211835178756,292.17889277497,1250.700124399104,734.7149817141182,70.88620839185289,0.0,1089.6530694238609,1207.3414407029893,1141.2155278090352,1114.5831643934316,142.03832510857126,15.625813526370735,82.4426287630508,293.79534264272,1146.2210358863913,1162.6445014240621,502.91434548747856,1175.238145731257,61.403799045104186,102.46552192307334,1343.0411247547217,956.669094712469,92.68635585532203,87.10761715676287,1208.313886435001,237.07370087861392,329.92907758307535,1326.395275660823,1060.5293684283613,1273.5616958566443,331.71413803208395,115.15515394343304,266.20560554080316,423.3581060955293,1103.4545034733296,1103.4545034733296,154.51372840816413,85.68183513597151,1221.0993462493093,118.09913029817939,511.79892307081326,789.344916409418,85.68183513597151,167.93933464054584,39.44211835178756,73.08205731819136,104.02080981287166,0.0,212.44508280249485,15.625813526370735,1103.4545034733296,309.0274133546328,87.10761715676287,212.44508280249485,415.58190500670764,67.73068208451083,614.0824174375142
Bảo Lộc,1069.471101391997,150.68744572459434,279.1309397774023,125.51659843937834,170.4829885440434,544.3430570038829,1043.5270853663164,1131.036825133828,126.59946293560637,292.975213474441,154.14507698060456,291.15291882084614,997.7978121823293,1051.1378820579287,820.7225856230614,341.5216472574024,410.0001207420386,1024.0062409388515,1089.6530694238609,0.0,288.40244106626426,140.47792964427413,129.59991042593168,1167.2668816632006,1082.3084929381785,1111.5081250985115,820.2559349189002,129.2159648609572,76.13374965879883,587.2135066926683,307.24165946802617,1105.1729123575647,1058.4106477237187,390.5639660831127,221.03574223068617,996.9679109469444,1145.8324397951521,204.55454982186103,1158.7181264269013,1202.0436685103134,337.19596008184976,84.06653983896288,320.3813947347248,795.2637119580036,982.8249191343267,1276.9760403658709,667.3053340547339,187.21743126954834,187.21743126954834,1241.5720095014615,1015.2514615562767,212.49233665572922,1169.8621916480413,578.9300576297713,311.36043458855613,1015.2514615562767,939.277876534104,1051.1378820579287,1089.3290124313917,1191.6363351110213,1089.6530694238609,1283.1942201372703,1082.3084929381785,187.21743126954834,1286.1785709959345,1145.8324397951521,1283.1942201372703,675.3545514569663,1037.331184532469,502.09421017499545
Long Xuyên,1178.468282509417,139.32580427011823,50.85078442846002,164.01804812388053,458.8803616524722,711.6694842818484,1182.1808798247869,1241.034670172411,379.87505771295645,105.20349322663951,180.6228819561613,557.3751954605938,1113.5393774602092,1171.855638078337,917.680508596669,55.85917635958044,638.7711400589742,1137.225664532481,1207.3414407029893,288.40244106626426,0.0,147.94960601867413,409.40670037007123,1255.749637038413,1197.0134270281544,1210.2060080381648,916.4160003219318,160.29206310012637,297.86195674086736,733.3852989607847,49.27375426550229,1208.718756451633,1153.8142346462237,137.2913538670393,498.1777881123507,1117.4358076978694,1276.8323628843796,102.23754220534023,1221.4171384590763,1244.2159035710076,124.90502711281452,372.2268110078218,66.75994746566172,882.3666903987634,1093.279595665198,1347.9986585802942,794.0790259724702,124.6271363583012,124.6271363583012,1361.76922462908,1124.9436311988197,104.2381070081196,1265.8303539190047,728.8436591503373,520.5004366651896,1124.9436311988197,1043.081075273879,1171.855638078337,1189.9843717483056,1302.2547307712898,1207.3414407029893,1377.2261190401116,1197.0134270281544,124.6271363583012,1345.675076888024,1276.8323628843796,1377.2261190401116,800.7355623477247,1166.4068890174956,696.8188398293988
Thủ Dầu Một,1116.4389668525193,16.355148383180758,142.3495879943422,18.951232047767935,310.96035742507536,616.3023815216425,1105.5845842392816,1178.9368504371375,241.05699556458387,168.07382913447742,83.55062446878088,417.8557991110979,1047.6851723077943,1103.9903887148873,859.118268138041,201.2494839841163,515.134618417794,1072.8012387591025,1141.2155278090352,140.47792964427413,147.94960601867413,0.0,263.1832540996402,1204.4649962463213,1132.2911850843016,1153.5153694543042,858.2318379689632,15.950509798811797,158.49208943897716,648.2481193153749,170.31238347907654,1149.6070725191664,1098.3489215568452,257.3903367360537,354.2718158865283,1049.2868405252902,1204.5752922376003,74.78058470250498,1182.856102874225,1216.2223630067797,211.3843602162802,224.40539697636257,183.88288516143277,828.2156875459319,1029.8652639419763,1306.0538917889617,719.2155290713744,70.62861075070093,70.62861075070093,1295.314222646152,1062.165041539636,86.29523256330268,1210.8710485903641,641.8674529324335,402.4140286250757,1062.165041539636,982.5030828524002,1103.9903887148873,1132.1768230986308,1240.2249468628006,1141.2155278090352,1323.8867967074884,1132.2911850843016,70.62861075070093,1309.5394001004277,1204.5752922376003,1323.8867967074884,726.6492053363563,1094.394337398941,588.8047343736748
Phan Rang-Tháp Chàm,1099.1472228218322,270.1497490712644,392.1111248676399,245.84596367548045,77.835748416888,562.3781077718165,1058.474952524722,1158.9996203284281,159.57106524344323,394.14093365530067,247.8533709572012,245.84815904316523,1025.721166776455,1075.3342918566298,862.8120845910316,459.71304767128817,393.6592720733372,1052.5820734959743,1114.5831643934316,129.59991042593168,409.40670037007123,263.1832540996402,0.0,1204.8589025072818,1108.887699750658,1145.3263917969482,862.7356499181428,249.53820010109598,119.55122539505139,614.8828269522658,433.10842329645766,1136.785481285778,1094.8678480645358,495.821252812216,168.7353321294105,1022.5202666854601,1162.8217735484025,315.95036401219505,1207.9828482262021,1259.191838535616,436.70402515049017,70.83761757023986,431.7370794545997,842.7861978013271,1013.7414494691436,1320.7151999394891,700.9818897570304,316.2171357234009,316.2171357234009,1262.5213371214502,1045.774502678285,320.95713849807413,1203.9007236010227,605.0014858812035,326.2189304029888,1045.774502678285,974.5518041534069,1075.3342918566298,1122.6490495136038,1218.2072538536995,1114.5831643934316,1316.3208449104475,1108.887699750658,316.2171357234009,1334.8118599122506,1162.8217735484025,1316.3208449104475,709.356595274165,1057.5097151376895,505.01327993401407
Yên Bái,124.3999120150786,1220.0729683346476,1295.2794408951681,1210.0955448321204,1144.277975706573,646.8031035162336,239.98597078002257,98.02769669598723,1055.829894558437,1345.982257201238,1280.2019594029432,991.0837474523911,193.7688359193261,171.08914469489156,346.86151122848986,1295.060045521966,838.4840449572762,167.97861535095697,142.03832510857126,1167.2668816632006,1255.749637038413,1204.4649962463213,1204.8589025072818,0.0,134.52887231508618,67.43204344514004,347.47631696062405,1211.0815272107866,1242.0870419739451,590.4111701705565,1219.6936304389599,85.21891992036612,110.07117862595545,1388.5472031868005,1053.6324407206803,205.11373876440567,191.8825171483883,1267.6515730145495,112.63061870725502,199.7959417787678,1378.0769029705693,1146.5414363730595,1322.4949568476254,376.27406402721243,196.78151146017757,128.63434857550013,503.9228290011185,1160.2457674469492,1160.2457674469492,172.8033397167517,167.7513911855207,1280.4258517686242,33.66109516851301,600.6865841498193,878.8385343685724,167.7513911855207,230.39223055259447,171.08914469489156,89.18989281542873,106.00566716586313,142.03832510857126,122.11309704995014,134.52887231508618,1160.2457674469492,167.466613946553,191.8825171483883,122.11309704995014,495.569840263192,206.5129264170186,715.972812260116
Bắc Ninh,28.85703755569592,1148.2999501627296,1233.251364574614,1136.1406482707175,1044.4842865049636,546.5549499873805,106.88937724960545,50.9736664498881,965.6108814239857,1281.7119233551487,1204.3871874729912,885.4863452650508,84.72481058235033,38.16423165159885,280.72050874075956,1240.0349493383048,730.7777862950522,59.79622236828099,15.625813526370735,1082.3084929381785,1197.0134270281544,1132.2911850843016,1108.887699750658,134.52887231508618,0.0,71.53690584705544,282.2568121623009,1137.4685802163688,1155.563127002624,496.1229342046655,1164.5451399825765,50.76667045338341,87.02267554024195,1332.514761213374,951.8428435385864,86.42810014015738,102.52974261787224,1199.0251558851212,225.23792923541464,318.19332278569317,1316.420307809653,1054.2265392808824,1263.311829512606,319.62758684044366,103.83572201309512,260.8555273559087,415.40735715175384,1093.8570535075055,1093.8570535075055,164.91800931744424,73.07378302473816,1211.815780306878,113.43012015928824,505.2227884315627,783.2958801113167,73.07378302473816,155.77729317007064,38.16423165159885,59.46893775668446,109.49251410205545,15.625813526370735,213.52313873465843,0.0,1093.8570535075055,301.98984150652115,102.52974261787224,213.52313873465843,407.5293633403589,72.07780954590967,609.6787541639651
Việt Trì,57.16632612040103,1169.2957188856394,1248.4420855880471,1158.4677044238333,1083.4609535878003,585.1841853880165,178.41120140582595,55.1623626856917,998.1030987549071,1298.294409251457,1227.9366597002504,928.3784499533863,127.03222287596203,105.62140878810247,294.4517699695475,1251.0919469405358,775.0382433845106,100.82221248810288,82.4426287630508,1111.5081250985115,1210.2060080381648,1153.5153694543042,1145.3263917969482,67.43204344514004,71.53690584705544,0.0,295.4089092169197,1159.5857449613363,1185.8373644450546,530.4438913352989,1175.581870672409,21.040508951294296,56.81383890002859,1344.2617256653089,992.1199983572858,137.76275789617344,152.5564508447937,1218.1532170400972,154.72394596651498,247.51444968139668,1331.47492725821,1088.188344905912,1276.8440262100576,327.8631021670658,132.63270394145985,196.0660615886457,445.41339418262487,1111.503102867966,1111.503102867966,172.4570094163159,102.03675414617793,1230.947393544775,58.58578464287242,540.388066469054,819.1091588195702,102.03675414617793,172.2382296956423,105.62140878810247,22.89521599016655,101.5660909062739,82.4426287630508,171.70127610741096,71.53690584705544,1111.503102867966,233.41188241349437,152.5564508447937,171.70127610741096,437.167172596847,141.90246317610925,652.7581434761325
Yên Vinh,262.2811766246938,873.9774281355438,953.8173770611126,863.3922818287341,805.7545734880135,318.10029729991726,292.8821887558128,324.7324399343022,710.8194818824876,1003.2720214343974,933.1632097751699,661.3525893877904,201.58800450680653,261.3741764151418,2.686014621109251,958.5610483450481,515.5690355111428,222.9303347001543,293.79534264272,820.2559349189002,916.4160003219318,858.2318379689632,862.7356499181428,347.47631696062405,282.2568121623009,295.4089092169197,0.0,864.4619924336771,895.3431654356257,255.65469654491753,883.035145080645,292.57317339959485,240.1402017984465,1051.325951737601,718.011437269167,209.52057299558828,370.98699166579576,922.7531473588293,346.97876218099583,409.11869046701065,1036.9274223257955,802.300320302639,982.9152874253372,41.069702656711634,178.64843233918688,458.2661680254253,166.78894626415968,816.2220450424549,816.2220450424549,447.05621856920874,209.39685840062492,935.5479570116003,352.6424046967505,267.031015133468,538.6168604895944,209.39685840062492,126.89318491154839,261.3741764151418,274.39415117176935,385.87634703414716,293.79534264272,465.74609255374656,282.2568121623009,816.2220450424549,472.7722841321347,370.98699166579576,465.74609255374656,158.4522725497097,264.805392899888,394.8466822181215
Thuận An,1121.9410457972224,21.4786859335573,150.66509760670647,3.730324014366155,299.416378877355,618.2121806472084,1109.3437283558922,1184.378711828656,235.24430590696664,171.71196226827598,72.0731964658812,411.05841424067944,1052.8084135905788,1108.8225517340368,865.3049328880618,212.49164012503914,512.2762631068837,1078.0671005093009,1146.2210358863913,129.2159648609572,160.29206310012637,15.950509798811797,249.53820010109598,1211.0815272107866,1137.4685802163688,1159.5857449613363,864.4619924336771,0.0,143.06944868168773,651.549714459496,184.85640577241205,1155.4112144408746,1104.6020056744103,264.34153030490876,345.8877711816596,1054.1368302800356,1208.7940461161425,78.88941729656541,1190.792033875064,1225.138039258219,215.62707097401844,213.27934147685727,192.15454696061317,834.934536465851,1035.2907648829187,1313.5667039076923,723.7108457478515,86.07977737549324,86.07977737549324,1300.1658522310736,1067.6314713627755,89.1424476798831,1217.0861658477572,644.9299665458489,401.11709142217995,1067.6314713627755,988.3042423499885,1108.8225517340368,1138.1414329355516,1245.628180131778,1146.2210358863913,1330.199700871058,1137.4685802163688,86.07977737549324,1317.6237955086915,1208.7940461161425,1330.199700871058,731.2272097080383,1098.734327600929,588.750249887832
Phan Thiết,1143.1921420181777,161.40420210745947,275.697144509446,139.68862327938947,187.77005901541582,614.8780380428078,1114.5998745901045,1204.55058503414,192.48214201898935,274.81577734780524,128.67669029410067,337.8358104346569,1071.1833015919283,1123.9676739174306,895.7704683627817,345.3591935849979,469.95222702888844,1097.5195691765452,1162.6445014240621,76.13374965879883,297.86195674086736,158.49208943897716,119.55122539505139,1242.0870419739451,1155.563127002624,1185.8373644450546,895.3431654356257,143.06944868168773,0.0,659.8005229092938,327.2107122810839,1179.201026077689,1133.0313111729956,376.69884897393234,262.1059700336615,1069.9686789504656,1217.4316276575298,200.04632359700702,1234.5311361009472,1278.1556515775067,317.1922725816679,118.48060653501788,314.3286821897746,870.7834038218219,1056.6475431692559,1352.4403586150866,741.073959798575,222.5096629285395,222.5096629285395,1314.0027300363079,1089.0481730354518,203.79391888974666,1244.2583705872216,651.2026231439334,379.1718570702995,1089.0481730354518,1013.6536774744383,1123.9676739174306,1163.5769671647304,1264.9799399583221,1162.6445014240621,1357.538638771869,1155.563127002624,222.5096629285395,1361.9877415549058,1217.4316276575298,1357.538638771869,749.1873951237592,1109.4272004763961,568.7242774167646
Đông Hà,484.9261870119691,664.5520427984828,762.8096675771284,649.8282812654237,553.9918440155744,64.7573697536493,458.2605347018086,545.5739492963208,469.48820981751027,806.7025357367111,715.3567646800359,405.7902485414786,412.0816657107957,464.17353317435834,255.18338150535996,782.4341919104603,261.1951622085197,438.69925599583576,502.91434548747856,587.2135066926683,733.3852989607847,648.2481193153749,614.8828269522658,590.4111701705565,496.1229342046655,530.4438913352989,255.65469654491753,651.549714459496,659.8005229092938,0.0,709.0722334985214,522.1099358034851,480.34533666263326,870.6559417023519,464.25116972659185,410.2696979361689,559.2513984427043,718.8293087412994,602.0331624065889,664.0839910961133,845.0098945805346,558.4446556593165,797.2166381888047,245.8627664016118,399.06306023575644,708.7070972489364,88.90756884509895,619.192688227962,619.192688227962,654.3635076836578,431.22685667275323,731.449000564137,589.0196919687279,11.821997166063767,288.667990851652,431.22685667275323,360.0206664803645,464.17353317435834,507.7744877828643,605.6109394404094,502.91434548747856,701.5418078581681,496.1229342046655,619.192688227962,726.7753314075782,559.2513984427043,701.5418078581681,97.29608202898982,450.23604599858595,144.23044823387372
Châu Đốc,1145.3114868026455,165.80685122273738,100.10051267523541,188.4259229829437,476.2705590208665,691.1676312455124,1153.2110316007056,1207.7564831204393,385.4541486388975,153.95964443495652,218.7475469776026,561.2841066922306,1081.5940039292834,1140.3258965004925,884.394441871951,75.53348850331896,631.4585681611162,1104.8213985595878,1175.238145731257,307.24165946802617,49.27375426550229,170.31238347907654,433.10842329645766,1219.6936304389599,1164.5451399825765,1175.581870672409,883.035145080645,184.85640577241205,327.2107122810839,709.0722334985214,0.0,1174.7214322348477,1119.0070617972551,168.85624239377645,506.9444908051649,1086.1275803940925,1246.3354313317864,142.13302993118276,1182.544712284375,1203.1837031865643,169.38174989484935,389.4204307214449,108.86660045067597,848.0788392898878,1060.7160437365894,1309.6413528390387,766.0493451067647,126.09013344944385,126.09013344944385,1329.4453178534056,1092.1217413029751,146.84922136144877,1230.6558765611999,705.1932703415978,511.6143730171153,1092.1217413029751,1009.8975967596994,1140.3258965004925,1155.6908525912531,1268.8351831272375,1175.238145731257,1341.4545798246538,1164.5451399825765,126.09013344944385,1306.0924912782853,1246.3354313317864,1341.4545798246538,772.4287366774475,1136.0920168475222,681.5148678069378
Vĩnh Yên,40.41855812537386,1165.4619687384343,1246.3734478134131,1154.2295882248895,1074.11438404276,575.6242995113691,157.64131304455975,40.533677948065474,990.7174690992082,1295.8265279884004,1223.354476700485,917.7548798851301,113.72057528628886,86.0103343129471,291.44030592743724,1250.2528236220246,763.9105640887678,86.77186675178356,61.403799045104186,1105.1729123575647,1208.718756451633,1149.6070725191664,1136.785481285778,85.21891992036612,50.76667045338341,21.040508951294296,292.57317339959485,1155.4112144408746,1179.201026077689,522.1099358034851,1174.7214322348477,0.0,61.364719818919134,1343.247475052727,982.3362199910366,122.45219605571138,134.20173431124678,1214.8974002414425,175.71951441850194,268.53866577090935,1329.47307473043,1080.3897855990379,1275.2785878883913,326.6523788384035,123.05348311786372,213.2592467430533,438.2032243624284,1108.6502507758878,1108.6502507758878,164.3881385847425,91.09517538305585,1227.6948886880348,69.63295948071956,531.815406169054,810.6126031694438,91.09517538305585,167.1097150378429,86.0103343129471,21.275871826209773,95.8953133660444,61.403799045104186,179.6075582065653,50.76667045338341,1108.6502507758878,252.40018202127632,134.20173431124678,179.6075582065653,430.0462419627902,121.88988676985497,641.9071867273758
Hòa Bình,58.68873262843576,1114.076779610166,1192.265797434358,1103.5295697389092,1034.208615750278,536.8528101073043,181.1381585135882,101.37928024936,946.2254227009928,1242.2896893531624,1173.2399539396513,881.363246180729,95.98347653612593,104.48547537670458,239.31097324956548,1194.5081763699643,729.1446661695473,76.46174481499828,102.46552192307334,1058.4106477237187,1153.8142346462237,1098.3489215568452,1094.8678480645358,110.07117862595545,87.02267554024195,56.81383890002859,240.1402017984465,1104.6020056744103,1133.0313111729956,480.34533666263326,1119.0070617972551,61.364719818919134,0.0,1287.7192614022817,943.617986280152,112.17029289712809,187.2189413694299,1162.56889365276,158.889769004979,249.4390137858936,1275.2649600803811,1036.7749767464013,1220.474524329057,271.6232470937545,90.83010131144974,233.10307359524467,394.0051257987985,1055.7109608407704,1055.7109608407704,225.68694185831606,67.85775565143427,1175.359452880584,112.54473328130761,490.6154649581687,768.8075472750859,67.85775565143427,120.33601250102491,104.48547537670458,40.11235014469706,156.34814897113156,102.46552192307334,225.62526914573388,87.02267554024195,1055.7109608407704,261.97884203404817,187.2189413694299,225.62526914573388,385.66902252059765,139.17445930890196,606.5572710602186
Cà Mau,1313.5594320753648,243.50395505589375,116.0056794718428,267.7956084991461,556.90103853057,848.3433894329542,1319.068436761324,1376.0556133756722,498.42429101371886,102.1641401437771,248.03800185428946,675.1522666631197,1249.307552267278,1307.8343911713255,1052.6513112402808,93.70124981556314,768.0717637877052,1272.7547256879432,1343.0411247547217,390.5639660831127,137.2913538670393,257.3903367360537,495.821252812216,1388.5472031868005,1332.514761213374,1344.2617256653089,1051.325951737601,264.34153030490876,376.69884897393234,870.6559417023519,168.85624239377645,1343.247475052727,1287.7192614022817,0.0,609.9964909266022,1253.5081151034112,1413.2581873647932,186.23971937366633,1350.8901733900238,1370.1547916985965,63.85688317485353,473.409767817564,75.81068495519486,1016.6437634584688,1228.713484747266,1478.1587317165388,931.1118104707779,256.820329269771,256.820329269771,1497.3680984236007,1260.2323530875258,178.1267998783203,1399.4353311711277,866.0686550680946,651.6748830462801,1260.2323530875258,1178.1376832688406,1307.8343911713255,1324.2935562652049,1437.1897284949598,1343.0411247547217,1510.2975552650082,1332.514761213374,256.820329269771,1474.0679933912274,1413.2581873647932,1510.2975552650082,937.7147487030921,1302.885971500634,831.4680502828872
Tuy Hòa,943.8227842298764,367.0425774905588,496.36227676113987,342.3660085942005,94.64902497891684,406.95560906611996,896.367003964865,1002.4209774936061,123.4531463303938,513.7744048105944,374.07120653742106,77.46765442598141,869.8905433444078,917.2589653115134,717.7919793056343,553.4023861919168,226.96532185668497,896.9344976293511,956.669094712469,221.03574223068617,498.1777881123507,354.2718158865283,168.7353321294105,1053.6324407206803,951.8428435385864,992.1199983572858,718.011437269167,345.8877711816596,262.1059700336615,464.25116972659185,506.9444908051649,982.3362199910366,943.617986280152,609.9964909266022,0.0,865.4428922046524,1001.1263843673987,423.8026534350937,1064.9834018003278,1122.3450817580122,558.0369687710237,144.47028378992772,537.9052709560109,702.3602066683645,859.6917195339661,1172.9422595947087,552.5592190738796,380.8543573577236,380.8543573577236,1102.143239754259,891.2683957286266,432.5362015687922,1050.4968175885763,453.54852020924056,182.7605939685416,891.2683957286266,823.5035765388292,917.2589653115134,969.2822391297749,1060.6373327808726,956.669094712469,1161.855258801983,951.8428435385864,380.8543573577236,1190.5174785953222,1001.1263843673987,1161.855258801983,560.9966157322255,897.6185534064574,343.0710737946773
Thái Bình,82.04401017958543,1065.3658513284167,1152.6672854476622,1052.7362242488498,958.0572788924616,460.16369345275257,94.49033435205112,137.03029579150243,879.6970915622101,1200.4491713895347,1120.52007752151,799.2797060779778,18.925333175702242,54.710498224796794,207.5925501757002,1161.4998192568657,644.7131607949024,37.54565442264839,92.68635585532203,996.9679109469444,1117.4358076978694,1049.2868405252902,1022.5202666854601,205.11373876440567,86.42810014015738,137.76275789617344,209.52057299558828,1054.1368302800356,1069.9686789504656,410.2696979361689,1086.1275803940925,122.45219605571138,112.17029289712809,1253.5081151034112,865.4428922046524,0.0,161.7330676279312,1116.7680236408603,271.0598452441002,361.19770480869806,1235.8141957963298,968.0834946729232,1183.486161990128,249.3924119614541,43.92660603792608,333.69593790279794,330.87822685149575,1012.3320307426875,1012.3320307426875,246.03349558958055,44.99938645314819,1129.5455010349444,191.97523065795755,419.2146716079893,697.0297161183187,44.99938645314819,92.24940573896858,54.710498224796794,116.13484323773223,195.70318669302287,92.68635585532203,298.3959982819569,86.42810014015738,1012.3320307426875,368.73282937097395,161.7330676279312,298.3959982819569,323.1616580422071,57.31864866242789,523.4149693988769
Lạng Sơn,131.10233744550445,1220.76104662081,1311.1445575498292,1207.248226375449,1095.1139068626228,602.9624503498786,104.95610130387507,98.74642146358339,1025.661598908394,1358.1516817509914,1273.9193079845247,931.2138938485435,169.9569078630366,110.36342572396717,369.1187078977932,1321.6010842885057,775.8472307513724,152.63602673756304,87.10761715676287,1145.8324397951521,1276.8323628843796,1204.5752922376003,1162.8217735484025,191.8825171483883,102.52974261787224,152.5564508447937,370.98699166579576,1208.7940461161425,1217.4316276575298,559.2513984427043,1246.3354313317864,134.20173431124678,187.2189413694299,1413.2581873647932,1001.1263843673987,161.7330676279312,0.0,1273.2154165996933,300.9593342737007,391.17891747705636,1394.2144161319427,1111.837638358033,1342.6417251527516,410.42473627167755,195.15328547848057,296.2070737324145,485.5272643623898,1169.8818359442766,1169.8818359442766,104.59061797385958,169.33774324668363,1285.9604840132363,159.54776252981094,567.0913032084807,840.3736822756747,169.33774324668363,248.6541819065514,110.36342572396717,152.2844948229002,101.49691962594368,87.10761715676287,212.3175770581954,102.52974261787224,1169.8818359442766,346.01861447796193,0.0,212.3175770581954,478.2640211198461,110.49214637208145,658.3602362938097
Mỹ Tho,1182.4585108769604,59.20711379573143,76.17450866604095,82.1678724678939,372.5423191672813,688.7340596366569,1175.0989743853872,1245.0535652854182,314.12410433041845,93.33688907731344,78.39985794387445,489.81607308127116,1114.5922811752441,1171.4737188718275,923.7464981909877,145.52964845561567,589.8712218174609,1139.3805652840254,1208.313886435001,204.55454982186103,102.23754220534023,74.78058470250498,315.95036401219505,1267.6515730145495,1199.0251558851212,1218.1532170400972,922.7531473588293,78.88941729656541,200.04632359700702,718.8293087412994,142.13302993118276,1214.8974002414425,1162.56889365276,186.23971937366633,423.8026534350937,1116.7680236408603,1273.2154165996933,0.0,1242.1657063260943,1272.1197881062844,136.92307611520206,287.903740019503,116.48523394883254,891.5190060648301,1096.121216592772,1366.590731457014,787.6937022572287,108.777844733351,108.777844733351,1362.657634995122,1128.304166262686,12.7977654576631,1275.1048776694454,712.8074980638625,477.0901623112548,1128.304166262686,1047.9324299209043,1171.4737188718275,1197.090996905727,1306.3940731220619,1208.313886435001,1387.7989469587856,1199.0251558851212,108.777844733351,1368.2553521803952,1273.2154165996933,1387.7989469587856,794.9614982090524,1162.85940804352,662.9190079997572
Sơn La,204.50582404876417,1197.945592756112,1263.5521316006436,1190.144024283325,1152.3737780324302,663.2000352617551,331.12213332020303,203.0317229568641,1053.987215430562,1315.9006202691967,1261.473415646274,1007.7851998750227,254.62016813467767,255.28011117873237,347.2338592577941,1257.1971596129968,859.8406989072125,234.9293456549545,237.07370087861392,1158.7181264269013,1221.4171384590763,1182.856102874225,1207.9828482262021,112.63061870725502,225.23792923541464,154.72394596651498,346.97876218099583,1190.792033875064,1234.5311361009472,602.0331624065889,1182.544712284375,175.71951441850194,158.889769004979,1350.8901733900238,1064.9834018003278,271.0598452441002,300.9593342737007,1242.1657063260943,0.0,92.95998228320978,1345.4223592504334,1146.0672727674855,1288.0403510674096,365.2888646631595,245.55866779042884,128.59620090343768,513.1643486225399,1133.632498448027,1133.632498448027,283.2066658227931,226.56660613041115,1254.8232430535818,146.24401137321644,613.2151521841025,885.1647506039219,226.56660613041115,257.0517807524524,255.28011117873237,166.789713621361,218.52149577027663,237.07370087861392,199.46702126839043,225.23792923541464,1133.632498448027,127.46086756146958,300.9593342737007,199.46702126839043,504.75483740239287,291.8479039352956,737.7776848398802
Điện Biên Phủ,297.2521635357833,1230.8158074092535,1288.293235026882,1224.7557410677173,1207.1626798621562,727.118943540786,424.01880128175367,294.35367769327655,1102.6995398183865,1341.7275049730795,1296.630646575574,1068.8068620057988,344.06952353433263,347.98570189037844,409.856563806813,1276.7761875481733,924.6305619784968,325.8863370094886,329.92907758307535,1202.0436685103134,1244.2159035710076,1216.2223630067797,1259.191838535616,199.7959417787678,318.19332278569317,247.51444968139668,409.11869046701065,1225.138039258219,1278.1556515775067,664.0839910961133,1203.1837031865643,268.53866577090935,249.4390137858936,1370.1547916985965,1122.3450817580122,361.19770480869806,391.17891747705636,1272.1197881062844,92.95998228320978,0.0,1368.9647823874734,1195.1549652585545,1310.3615725863576,420.2282303696694,332.47238505395876,156.7538268712755,575.5247776117322,1163.344350439882,1163.344350439882,362.3416643442606,316.3050718334526,1284.6137521613168,233.1108317186344,675.6156989774724,940.5980203324424,316.3050718334526,336.5138077665762,347.98570189037844,259.68976278187614,303.0794276356334,329.92907758307535,258.0368976372512,318.19332278569317,1163.344350439882,120.97827756241148,391.17891747705636,258.0368976372512,567.2717350633854,384.4852239106319,803.900080243832
Bạc Liêu,1298.5178942115365,196.09741371282075,83.16916981668552,218.79049248662074,500.3135971258392,818.6027904760667,1298.0336488566302,1361.1427157878975,450.79606279239465,44.27971469591089,189.20309925564615,625.7050727739509,1232.5373963611316,1290.3908038696263,1038.110762746281,106.78940338725135,726.4126281239351,1256.6293648089913,1326.395275660823,337.19596008184976,124.90502711281452,211.3843602162802,436.70402515049017,1378.0769029705693,1316.420307809653,1331.47492725821,1036.9274223257955,215.62707097401844,317.1922725816679,845.0098945805346,169.38174989484935,1329.47307473043,1275.2649600803811,63.85688317485353,558.0369687710237,1235.8141957963298,1394.2144161319427,136.92307611520206,1345.4223592504334,1368.9647823874734,0.0,418.5442034013458,60.71566952241245,1003.6508795959504,1212.8742597405144,1471.721786605723,909.6967997842057,225.82652136187613,225.82652136187613,1480.9070256075336,1244.741083425809,126.58710096219306,1387.500296916768,839.6885738893459,612.592462950323,1244.741083425809,1163.2799278751597,1290.3908038696263,1310.9981471231702,1422.4448693297022,1326.395275660823,1499.2955734126233,1316.420307809653,225.82652136187613,1469.9650619813049,1394.2144161319427,1499.2955734126233,916.6290716863008,1283.722328255789,796.5585084930527
Đà Lạt,1043.3693506512195,234.74780720348735,362.93443907294403,209.57754102121552,86.90059236922497,509.1424747165749,1008.118886166459,1103.9170028224962,92.47784498576115,374.5349763544332,231.58799695356117,219.45885133499996,970.4389442226466,1021.4855744455651,802.4965507977328,425.55539889419487,353.80256430552646,997.1157823322977,1060.5293684283613,84.06653983896288,372.2268110078218,224.40539697636257,70.83761757023986,1146.5414363730595,1054.2265392808824,1088.188344905912,802.300320302639,213.27934147685727,118.48060653501788,558.4446556593165,389.4204307214449,1080.3897855990379,1036.7749767464013,473.409767817564,144.47028378992772,968.0834946729232,1111.837638358033,287.903740019503,1146.0672727674855,1195.1549652585545,418.5442034013458,0.0,404.0675506317179,780.8085164425341,957.3874905186186,1260.566381897492,642.8783872453469,266.64738544452905,266.64738544452905,1210.1540077970108,989.6135588031616,295.3144777054324,1146.7656765317233,549.0727406028656,271.5417919183417,989.6135588031616,916.64777199032,1021.4855744455651,1065.6477661847905,1163.7046777240841,1060.5293684283613,1259.6263491979737,1054.2265392808824,266.64738544452905,1273.2031532904025,1111.837638358033,1259.6263491979737,651.1763320303896,1005.1293097284328,457.450767160778
Hậu Giang,1244.8988070926168,170.88632276602198,41.549847370753625,195.73503679962093,488.9931069610423,773.7148871005006,1247.5458644042842,1307.480201977814,424.37002170780715,58.926817751239916,187.02725061374517,601.5727372586671,1179.7386090002306,1237.9501660544865,984.1648007946975,50.27591061314039,692.3919528295851,1203.5187361526164,1273.5616958566443,320.3813947347248,66.75994746566172,183.88288516143277,431.7370794545997,1322.4949568476254,1263.311829512606,1276.8440262100576,982.9152874253372,192.15454696061317,314.3286821897746,797.2166381888047,108.86660045067597,1275.2785878883913,1220.474524329057,75.81068495519486,537.9052709560109,1183.486161990128,1342.6417251527516,116.48523394883254,1288.0403510674096,1310.3615725863576,60.71566952241245,404.0675506317179,0.0,948.9918082412813,1159.6104953739214,1414.6855138792969,859.285687413809,181.25478574909442,181.25478574909442,1428.0192867426586,1191.3197254781135,110.78382571816499,1332.5198709652052,792.3893765698965,575.869512861105,1191.3197254781135,1109.5314488283834,1237.9501660544865,1256.5846241998986,1368.719045159768,1273.5616958566443,1443.9554249262453,1263.311829512606,181.25478574909442,1412.1886178970356,1342.6417251527516,1443.9554249262453,866.0297413133691,1232.1859301472523,755.8979524311516
Hà Tĩnh,298.3755604939477,843.8070246253906,920.6440884478664,833.9861874741548,788.2176284256576,310.1153029614858,333.822729667137,360.38399340062534,688.7931970756633,970.7126884955817,904.3134761171985,648.7840874467255,240.60101832555034,300.4148486945497,43.444644031881545,923.6086978743909,507.03624906025476,260.86649453202887,331.71413803208395,795.2637119580036,882.3666903987634,828.2156875459319,842.7861978013271,376.27406402721243,319.62758684044366,327.8631021670658,41.069702656711634,834.934536465851,870.7834038218219,245.8627664016118,848.0788392898878,326.6523788384035,271.6232470937545,1016.6437634584688,702.3602066683645,249.3924119614541,410.42473627167755,891.5190060648301,365.2888646631595,420.2282303696694,1003.6508795959504,780.8085164425341,948.9918082412813,0.0,216.7087807784235,481.7255120955264,159.2901799143716,784.3581988111686,784.3581988111686,483.9518951657402,246.55777132181814,904.3002733355034,383.9728771292055,257.6003919877759,521.1618114690389,246.55777132181814,163.85977640968278,300.4148486945497,307.66275674437605,421.1535286677784,331.71413803208395,496.33735326045087,319.62758684044366,784.3581988111686,492.4014026044392,410.42473627167755,496.33735326045087,151.55168202704346,305.1632866583997,388.7538738075817
Ninh Bình,86.78650052189029,1045.8198490706804,1129.7082636018454,1034.0232554741997,951.2609805981118,452.82969428194855,138.17812965458046,149.08805789393222,867.8332341793622,1178.3645225109265,1102.67240476728,795.7482235317448,27.304706018399727,84.83870875790863,177.05009363022594,1136.2087005030169,642.4519385799405,44.28216198736428,115.15515394343304,982.8249191343267,1093.279595665198,1029.8652639419763,1013.7414494691436,196.78151146017757,103.83572201309512,132.63270394145985,178.64843233918688,1035.2907648829187,1056.6475431692559,399.06306023575644,1060.7160437365894,123.05348311786372,90.83010131144974,1228.713484747266,859.6917195339661,43.92660603792608,195.15328547848057,1096.121216592772,245.55866779042884,332.47238505395876,1212.8742597405144,957.3874905186186,1159.6104953739214,216.7087807784235,0.0,322.96004755412235,315.5753826298899,990.6382736274696,990.6382736274696,268.75296229357974,32.44646810236217,1108.916082248291,190.82818502896802,408.7630555161105,687.5617111975533,32.44646810236217,53.51945357316172,84.83870875790863,109.74213726235871,210.35985896811397,115.15515394343304,302.59601960257845,103.83572201309512,990.6382736274696,352.8051584505556,195.15328547848057,302.59601960257845,307.4840573855549,99.13557554730372,520.1354712572142
Lào Cai,252.93567236314928,1321.3224930249974,1389.5968942501029,1312.8053608488437,1262.3286822850114,767.2181755438759,363.14438569514647,217.49298204903283,1169.0361266769537,1441.5912716899077,1383.7848006260267,1112.3815495104411,321.9154504605281,298.35794463940607,458.08449353645307,1384.4574881459514,961.15342790571,296.45354424840616,266.20560554080316,1276.9760403658709,1347.9986585802942,1306.0538917889617,1320.7151999394891,128.63434857550013,260.8555273559087,196.0660615886457,458.2661680254253,1313.5667039076923,1352.4403586150866,708.7070972489364,1309.6413528390387,213.2592467430533,233.10307359524467,1478.1587317165388,1172.9422595947087,333.69593790279794,296.2070737324145,1366.590731457014,128.59620090343768,156.7538268712755,1471.721786605723,1260.566381897492,1414.6855138792969,481.7255120955264,322.96004755412235,0.0,620.7572621107096,1258.2823333507733,1258.2823333507733,234.80971683263186,295.3137175016927,1379.2914261062033,148.1169091261101,719.4011369150526,995.6914049875334,295.3137175016927,350.80601431326585,298.35794463940607,217.620025064744,195.2345735949357,266.20560554080316,110.63874408608912,260.8555273559087,1258.2823333507733,53.638978459941036,296.2070737324145,110.63874408608912,612.3280255302825,332.8089040629825,838.5200433789486
Đồng Hới,402.17134531311575,735.3695247650264,826.7871800135104,722.24437025502,641.5734572824897,151.6971684137687,388.3556078894119,463.78364652150975,552.6947461730167,873.0437682612833,789.7129301821193,494.69450574133714,330.7425980354761,385.4593637217188,166.28999345782447,840.7056020023198,349.1942376184766,356.7771483020021,423.3581060955293,667.3053340547339,794.0790259724702,719.2155290713744,700.9818897570304,503.9228290011185,415.40735715175384,445.41339418262487,166.78894626415968,723.7108457478515,741.073959798575,88.90756884509895,766.0493451067647,438.2032243624284,394.0051257987985,931.1118104707779,552.5592190738796,330.87822685149575,485.5272643623898,787.6937022572287,513.1643486225399,575.5247776117322,909.6967997842057,642.8783872453469,859.285687413809,159.2901799143716,315.5753826298899,620.7572621107096,0.0,684.7717625119271,684.7717625119271,576.7347316827993,347.9833934882796,800.4363880646073,503.96919251586877,100.24224735810563,375.1855730047566,347.9833934882796,273.7870481084444,385.4593637217188,422.9568183352632,524.5313223795051,423.3581060955293,617.0003076689202,415.40735715175384,684.7717625119271,638.0943877556704,485.5272643623898,617.0003076689202,8.437566419154974,375.2227452060396,229.6674592843439
Tây Ninh,1076.7371586414354,78.37433412015444,144.18559880585605,88.36233139156231,353.020331525224,593.404111879289,1072.954325375697,1139.368351432793,259.59476511488754,188.28083308128478,150.79512145351032,436.06585090491774,1009.6325940239107,1066.9960367880633,817.2789111708606,180.10836603042375,514.1704778691771,1034.1249864817642,1103.4545034733296,187.21743126954834,124.6271363583012,70.62861075070093,316.2171357234009,1160.2457674469492,1093.8570535075055,1111.503102867966,816.2220450424549,86.07977737549324,222.5096629285395,619.192688227962,126.09013344944385,1108.6502507758878,1055.7109608407704,256.820329269771,380.8543573577236,1012.3320307426875,1169.8818359442766,108.777844733351,1133.632498448027,1163.344350439882,225.82652136187613,266.64738544452905,181.25478574909442,784.3581988111686,990.6382736274696,1258.2823333507733,684.7717625119271,0.0,0.0,1257.9272172237168,1022.7079329207952,121.31648098721584,1168.2051536631218,613.865587992457,396.1621560573002,1022.7079329207952,941.8811882335691,1066.9960367880633,1090.6156170773313,1200.715980985331,1103.4545034733296,1280.6937178486326,1093.8570535075055,0.0,1259.6232944090868,1169.8818359442766,1280.6937178486326,691.8283194309493,1059.412755289076,574.6609279133789
Tây Ninh,1076.7371586414354,78.37433412015444,144.18559880585605,88.36233139156231,353.020331525224,593.404111879289,1072.954325375697,1139.368351432793,259.59476511488754,188.28083308128478,150.79512145351032,436.06585090491774,1009.6325940239107,1066.9960367880633,817.2789111708606,180.10836603042375,514.1704778691771,1034.1249864817642,1103.4545034733296,187.21743126954834,124.6271363583012,70.62861075070093,316.2171357234009,1160.2457674469492,1093.8570535075055,1111.503102867966,816.2220450424549,86.07977737549324,222.5096629285395,619.192688227962,126.09013344944385,1108.6502507758878,1055.7109608407704,256.820329269771,380.8543573577236,1012.3320307426875,1169.8818359442766,108.777844733351,1133.632498448027,1163.344350439882,225.82652136187613,266.64738544452905,181.25478574909442,784.3581988111686,990.6382736274696,1258.2823333507733,684.7717625119271,0.0,0.0,1257.9272172237168,1022.7079329207952,121.31648098721584,1168.2051536631218,613.865587992457,396.1621560573002,1022.7079329207952,941.8811882335691,1066.9960367880633,1090.6156170773313,1200.715980985331,1103.4545034733296,1280.6937178486326,1093.8570535075055,0.0,1259.6232944090868,1169.8818359442766,1280.6937178486326,691.8283194309493,1059.412755289076,574.6609279133789
Cao Bằng,185.87370937696443,1311.3879492019369,1397.7396279426835,1298.7597527593514,1195.817124538481,701.0330597559665,208.31102695362102,125.6584692855748,1122.9048368912747,1445.9277567884012,1366.445853021337,1033.0910480261887,248.3720077484079,191.3435437756681,445.5558027637956,1404.9297310984596,877.7056598859527,224.62527192933536,154.51372840816413,1241.5720095014615,1361.76922462908,1295.314222646152,1262.5213371214502,172.8033397167517,164.91800931744424,172.4570094163159,447.05621856920874,1300.1658522310736,1314.0027300363079,654.3635076836578,1329.4453178534056,164.3881385847425,225.68694185831606,1497.3680984236007,1102.143239754259,246.03349558958055,104.59061797385958,1362.657634995122,283.2066658227931,362.3416643442606,1480.9070256075336,1210.1540077970108,1428.0192867426586,483.9518951657402,268.75296229357974,234.80971683263186,576.7347316827993,1257.9272172237168,1257.9272172237168,0.0,237.66503530183908,1375.439698108074,141.20263625962727,662.8069133570671,938.6299902945674,237.66503530183908,320.3217938650604,191.3435437756681,185.58377753386875,71.60728665217276,154.51372840816413,130.78089120945086,164.91800931744424,1257.9272172237168,288.27280907089,104.59061797385958,130.78089120945086,569.0854005116752,205.06463887088756,759.089321894517
Hà Nam,54.354572879565545,1078.1087953114732,1161.5799499761242,1066.3725640745963,983.0192351520933,484.53025901504975,128.1339920382809,116.77648426662618,900.1440156763397,1210.3639345260324,1135.065941866142,826.897253325416,28.128318787984423,61.504285474746766,207.914844486431,1167.6305740453479,673.2791732511715,17.6997164056126,85.68183513597151,1015.2514615562767,1124.9436311988197,1062.165041539636,1045.774502678285,167.7513911855207,73.07378302473816,102.03675414617793,209.39685840062492,1067.6314713627755,1089.0481730354518,431.22685667275323,1092.1217413029751,91.09517538305585,67.85775565143427,1260.2323530875258,891.2683957286266,44.99938645314819,169.33774324668363,1128.304166262686,226.56660613041115,316.3050718334526,1244.741083425809,989.6135588031616,1191.3197254781135,246.55777132181814,32.44646810236217,295.3137175016927,347.9833934882796,1022.7079329207952,1022.7079329207952,237.66503530183908,0.0,1141.0999535515448,159.62641601603474,440.85320702309247,719.6306299106865,0.0,82.7235231279609,61.504285474746766,79.2234884719174,178.09741781717497,85.68183513597151,270.6992269861219,73.07378302473816,1022.7079329207952,327.695547415891,169.33774324668363,270.6992269861219,339.9028236541368,85.8702407077473,551.1264164675257
Bến Tre,1195.2551013143745,70.36346579142597,72.10318484887831,92.2455822346259,379.274380645606,701.1405918243853,1187.8027992414231,1257.849799674711,324.21299188035215,82.57440083741184,78.5512207198025,499.3277016716166,1127.3800780383394,1184.251639528205,936.5420023542997,143.59949155155707,601.012808599002,1152.17266504666,1221.0993462493093,212.49233665572922,104.2381070081196,86.29523256330268,320.95713849807413,1280.4258517686242,1211.815780306878,1230.947393544775,935.5479570116003,89.1424476798831,203.79391888974666,731.449000564137,146.84922136144877,1227.6948886880348,1175.359452880584,178.1267998783203,432.5362015687922,1129.5455010349444,1285.9604840132363,12.7977654576631,1254.8232430535818,1284.6137521613168,126.58710096219306,295.3144777054324,110.78382571816499,904.3002733355034,1108.916082248291,1379.2914261062033,800.4363880646073,121.31648098721584,121.31648098721584,1375.439698108074,1141.0999535515448,0.0,1287.8949255993118,725.3959241613389,488.70415173690367,1141.0999535515448,1060.730194272195,1184.251639528205,1209.887074340076,1319.1901494584765,1221.0993462493093,1400.5842575382492,1211.815780306878,121.31648098721584,1380.884353291006,1285.9604840132363,1400.5842575382492,807.7103816875289,1175.6096255688626,674.9036040196571
Tuyên Quang,109.95042895069578,1226.6067992714525,1304.5364289294016,1216.0017507225587,1141.9367977639529,643.5925194321292,215.20066608456898,69.92967080020094,1056.6497959090796,1354.6855503146217,1285.6357101957713,986.4774079386594,183.24147844552726,151.4007818543213,351.7816870780733,1306.1253955790808,832.9038686171479,156.36899646017275,118.09913029817939,1169.8621916480413,1265.8303539190047,1210.8710485903641,1203.9007236010227,33.66109516851301,113.43012015928824,58.58578464287242,352.6424046967505,1217.0861658477572,1244.2583705872216,589.0196919687279,1230.6558765611999,69.63295948071956,112.54473328130761,1399.4353311711277,1050.4968175885763,191.97523065795755,159.54776252981094,1275.1048776694454,146.24401137321644,233.1108317186344,1387.500296916768,1146.7656765317233,1332.5198709652052,383.9728771292055,190.82818502896802,148.1169091261101,503.96919251586877,1168.2051536631218,1168.2051536631218,141.20263625962727,159.62641601603474,1287.8949255993118,0.0,598.947776643159,877.6824685523299,159.62641601603474,230.60499868309577,151.4007818543213,81.27836395899969,72.73154160583246,118.09913029817939,113.37852727366298,113.43012015928824,1168.2051536631218,192.35812085053806,159.54776252981094,113.37852727366298,495.71548749764617,185.015471398725,710.7428797104373
Quảng Trị,494.4196981818617,658.1892285269568,757.6637150670653,643.1586594211997,543.6042832694313,52.937721398804015,465.6083557795013,554.8443553059441,460.49705433388255,801.1005920524948,708.2547642532426,394.57060061216583,421.36757748218395,472.9436195371014,266.526572959348,778.2772397589811,249.49579647044723,448.0676216460228,511.79892307081326,578.9300576297713,728.8436591503373,641.8674529324335,605.0014858812035,600.6865841498193,505.2227884315627,540.388066469054,267.031015133468,644.9299665458489,651.2026231439334,11.821997166063767,705.1932703415978,531.815406169054,490.6154649581687,866.0686550680946,453.54852020924056,419.2146716079893,567.0913032084807,712.8074980638625,613.2151521841025,675.6156989774724,839.6885738893459,549.0727406028656,792.3893765698965,257.6003919877759,408.7630555161105,719.4011369150526,100.24224735810563,613.865587992457,613.865587992457,662.8069133570671,440.85320702309247,725.3959241613389,598.947776643159,0.0,278.80098315046706,440.85320702309247,370.3252017807153,472.9436195371014,517.68100645878,614.7141477598304,511.79892307081326,711.3237223444994,505.2227884315627,613.865587992457,737.7953553312244,567.0913032084807,711.3237223444994,108.59416878189965,458.40210692329356,132.42411065141172
Kon Tum,773.1026217407292,418.3986908260913,536.3896176275566,398.5447966438606,267.21020944591055,237.60342834040284,736.8185176982448,833.2168312805434,186.70495959905745,570.0792252105277,454.69970239467267,146.09770371902184,699.8277591346498,750.2231099955717,538.5499204026119,575.3585611547071,120.59394972040376,726.6269977755408,789.344916409418,311.36043458855613,520.5004366651896,402.4140286250757,326.2189304029888,878.8385343685724,783.2958801113167,819.1091588195702,538.6168604895944,401.11709142217995,379.1718570702995,288.667990851652,511.6143730171153,810.6126031694438,768.8075472750859,651.6748830462801,182.7605939685416,697.0297161183187,840.3736822756747,477.0901623112548,885.1647506039219,940.5980203324424,612.592462950323,271.5417919183417,575.869512861105,521.1618114690389,687.5617111975533,995.6914049875334,375.1855730047566,396.1621560573002,396.1621560573002,938.6299902945674,719.6306299106865,488.70415173690367,877.6824685523299,278.80098315046706,0.0,719.6306299106865,648.474162083842,750.2231099955717,796.4301199725915,892.7221597473343,789.344916409418,990.1236189473007,783.2958801113167,396.1621560573002,1011.3675597090264,840.3736822756747,990.1236189473007,383.58939297122134,733.5951259917816,190.8347876450718
Phủ Lý,54.354572879565545,1078.1087953114732,1161.5799499761242,1066.3725640745963,983.0192351520933,484.53025901504975,128.1339920382809,116.77648426662618,900.1440156763397,1210.3639345260324,1135.065941866142,826.897253325416,28.128318787984423,61.504285474746766,207.914844486431,1167.6305740453479,673.2791732511715,17.6997164056126,85.68183513597151,1015.2514615562767,1124.9436311988197,1062.165041539636,1045.774502678285,167.7513911855207,73.07378302473816,102.03675414617793,209.39685840062492,1067.6314713627755,1089.0481730354518,431.22685667275323,1092.1217413029751,91.09517538305585,67.85775565143427,1260.2323530875258,891.2683957286266,44.99938645314819,169.33774324668363,1128.304166262686,226.56660613041115,316.3050718334526,1244.741083425809,989.6135588031616,1191.3197254781135,246.55777132181814,32.44646810236217,295.3137175016927,347.9833934882796,1022.7079329207952,1022.7079329207952,237.66503530183908,0.0,1141.0999535515448,159.62641601603474,440.85320702309247,719.6306299106865,0.0,82.7235231279609,61.504285474746766,79.2234884719174,178.09741781717497,85.68183513597151,270.6992269861219,73.07378302473816,1022.7079329207952,327.695547415891,169.33774324668363,270.6992269861219,339.9028236541368,85.8702407077473,551.1264164675257
Thanh Hóa,135.42192162203722,998.3643513730298,1080.1397886687064,987.1267297985196,913.9292395163309,416.9437127581092,185.4284514659042,197.95386348090665,826.2710758096714,1129.2693867304654,1056.3083100486251,761.8299765954309,79.40270138008393,138.30808576250578,125.50355875866387,1085.4200328494328,610.3501267973961,97.21633117871785,167.93933464054584,939.277876534104,1043.081075273879,982.5030828524002,974.5518041534069,230.39223055259447,155.77729317007064,172.2382296956423,126.89318491154839,988.3042423499885,1013.6536774744383,360.0206664803645,1009.8975967596994,167.1097150378429,120.33601250102491,1178.1376832688406,823.5035765388292,92.24940573896858,248.6541819065514,1047.9324299209043,257.0517807524524,336.5138077665762,1163.2799278751597,916.64777199032,1109.5314488283834,163.85977640968278,53.51945357316172,350.80601431326585,273.7870481084444,941.8811882335691,941.8811882335691,320.3217938650604,82.7235231279609,1060.730194272195,230.60499868309577,370.3252017807153,648.474162083842,82.7235231279609,0.0,138.30808576250578,150.20824590871203,259.1947481310943,167.93933464054584,343.9164928660119,155.77729317007064,941.8811882335691,374.33981067660704,248.6541819065514,343.9164928660119,265.47465187524057,149.5251320001259,487.7175619250782
Hà Tây,50.78535558749587,1120.0716036815177,1207.2381842777972,1107.416371132016,1010.2144385331334,512.9918275075614,76.94380123056852,88.15637292507141,933.4248127569424,1255.0956069559757,1175.146368465998,850.227314972664,59.82224921857915,0.0,259.58962861884316,1215.728308694973,695.2790991331101,43.902636089385396,39.44211835178756,1051.1378820579287,1171.855638078337,1103.9903887148873,1075.3342918566298,171.08914469489156,38.16423165159885,105.62140878810247,261.3741764151418,1108.8225517340368,1123.9676739174306,464.17353317435834,1140.3258965004925,86.0103343129471,104.48547537670458,1307.8343911713255,917.2589653115134,54.710498224796794,110.36342572396717,1171.4737188718275,255.28011117873237,347.98570189037844,1290.3908038696263,1021.4855744455651,1237.9501660544865,300.4148486945497,84.83870875790863,298.35794463940607,385.4593637217188,1066.9960367880633,1066.9960367880633,191.3435437756681,61.504285474746766,1184.251639528205,151.4007818543213,472.9436195371014,750.2231099955717,61.504285474746766,138.30808576250578,0.0,88.90554714302048,143.46241667573065,39.44211835178756,250.85197887625338,38.16423165159885,1066.9960367880633,338.40398996120746,110.36342572396717,250.85197887625338,377.7769389877839,36.65513636339017,574.6454330000485
Sơn Tây,38.32854265769753,1147.9880655339387,1227.9297443044795,1136.9985291884143,1060.6691385196245,562.3565244269996,164.33397755619484,61.61201034822461,975.6497420286411,1277.5920235797105,1206.33896659326,905.4899892998884,104.62758949685941,88.90554714302048,273.35804914876553,1231.2153780879485,752.14341885723,78.8343395515307,73.08205731819136,1089.3290124313917,1189.9843717483056,1132.1768230986308,1122.6490495136038,89.18989281542873,59.46893775668446,22.89521599016655,274.39415117176935,1138.1414329355516,1163.5769671647304,507.7744877828643,1155.6908525912531,21.275871826209773,40.11235014469706,1324.2935562652049,969.2822391297749,116.13484323773223,152.2844948229002,1197.090996905727,166.789713621361,259.68976278187614,1310.9981471231702,1065.6477661847905,1256.5846241998986,307.66275674437605,109.74213726235871,217.620025064744,422.9568183352632,1090.6156170773313,1090.6156170773313,185.58377753386875,79.2234884719174,1209.887074340076,81.27836395899969,517.68100645878,796.4301199725915,79.2234884719174,150.20824590871203,88.90554714302048,0.0,116.58945190294402,73.08205731819136,194.04538724968927,59.46893775668446,1090.6156170773313,253.28566686338033,152.2844948229002,194.04538724968927,414.7298005598849,125.56044798863326,629.8635681318891
Bắc Kạn,123.98048599793717,1256.179334534625,1339.2978263479406,1244.3501122027426,1153.4840224913437,655.8359401320491,184.70148836296877,61.34844181615787,1075.099133855713,1388.281092947531,1312.8902366696882,993.6864337461054,193.83929656026694,143.46241667573065,384.5828146658428,1344.3666765226678,838.7110826154382,167.82523124642375,104.02080981287166,1191.6363351110213,1302.2547307712898,1240.2249468628006,1218.2072538536995,106.00566716586313,109.49251410205545,101.5660909062739,385.87634703414716,1245.628180131778,1264.9799399583221,605.6109394404094,1268.8351831272375,95.8953133660444,156.34814897113156,1437.1897284949598,1060.6373327808726,195.70318669302287,101.49691962594368,1306.3940731220619,218.52149577027663,303.0794276356334,1422.4448693297022,1163.7046777240841,1368.719045159768,421.1535286677784,210.35985896811397,195.2345735949357,524.5313223795051,1200.715980985331,1200.715980985331,71.60728665217276,178.09741781717497,1319.1901494584765,72.73154160583246,614.7141477598304,892.7221597473343,178.09741781717497,259.1947481310943,143.46241667573065,116.58945190294402,0.0,104.02080981287166,114.86590201019143,109.49251410205545,1200.715980985331,246.01766405218225,101.49691962594368,114.86590201019143,516.59400881789,167.4162925795615,718.0991014507038
Bạc Giang,44.482329599520696,1157.2609603039714,1243.2282209677114,1144.853394823493,1049.5888694009946,552.2150926628817,97.94839031584291,50.59522974260487,972.2954204708693,1291.430770574206,1212.8365411234106,889.6692647868248,93.8584085609353,39.44211835178756,292.17889277497,1250.700124399104,734.7149817141182,70.88620839185289,0.0,1089.6530694238609,1207.3414407029893,1141.2155278090352,1114.5831643934316,142.03832510857126,15.625813526370735,82.4426287630508,293.79534264272,1146.2210358863913,1162.6445014240621,502.91434548747856,1175.238145731257,61.403799045104186,102.46552192307334,1343.0411247547217,956.669094712469,92.68635585532203,87.10761715676287,1208.313886435001,237.07370087861392,329.92907758307535,1326.395275660823,1060.5293684283613,1273.5616958566443,331.71413803208395,115.15515394343304,266.20560554080316,423.3581060955293,1103.4545034733296,1103.4545034733296,154.51372840816413,85.68183513597151,1221.0993462493093,118.09913029817939,511.79892307081326,789.344916409418,85.68183513597151,167.93933464054584,39.44211835178756,73.08205731819136,104.02080981287166,0.0,212.44508280249485,15.625813526370735,1103.4545034733296,309.0274133546328,87.10761715676287,212.44508280249485,415.58190500670764,67.73068208451083,614.0824174375142
Hà Giang,218.17192815627453,1339.5894868428643,1416.4174719946486,1329.136740043046,1253.7117489537416,755.2157124729172,299.3201551014747,162.72648305389103,1169.6905048923913,1466.855484096971,1398.8647311716222,1096.8890085546375,292.26055394835714,250.85197887625338,464.9328966419203,1416.853940749983,942.7075684425388,265.1617731777217,212.44508280249485,1283.1942201372703,1377.2261190401116,1323.8867967074884,1316.3208449104475,122.11309704995014,213.52313873465843,171.70127610741096,465.74609255374656,1330.199700871058,1357.538638771869,701.5418078581681,1341.4545798246538,179.6075582065653,225.62526914573388,1510.2975552650082,1161.855258801983,298.3959982819569,212.3175770581954,1387.7989469587856,199.46702126839043,258.0368976372512,1499.2955734126233,1259.6263491979737,1443.9554249262453,496.33735326045087,302.59601960257845,110.63874408608912,617.0003076689202,1280.6937178486326,1280.6937178486326,130.78089120945086,270.6992269861219,1400.5842575382492,113.37852727366298,711.3237223444994,990.1236189473007,270.6992269861219,343.9164928660119,250.85197887625338,194.04538724968927,114.86590201019143,212.44508280249485,0.0,213.52313873465843,1280.6937178486326,163.7824846945694,212.3175770581954,0.0,608.7751383837224,279.0976960733447,820.9736932282351
Bắc Ninh,28.85703755569592,1148.2999501627296,1233.251364574614,1136.1406482707175,1044.4842865049636,546.5549499873805,106.88937724960545,50.9736664498881,965.6108814239857,1281.7119233551487,1204.3871874729912,885.4863452650508,84.72481058235033,38.16423165159885,280.72050874075956,1240.0349493383048,730.7777862950522,59.79622236828099,15.625813526370735,1082.3084929381785,1197.0134270281544,1132.2911850843016,1108.887699750658,134.52887231508618,0.0,71.53690584705544,282.2568121623009,1137.4685802163688,1155.563127002624,496.1229342046655,1164.5451399825765,50.76667045338341,87.02267554024195,1332.514761213374,951.8428435385864,86.42810014015738,102.52974261787224,1199.0251558851212,225.23792923541464,318.19332278569317,1316.420307809653,1054.2265392808824,1263.311829512606,319.62758684044366,103.83572201309512,260.8555273559087,415.40735715175384,1093.8570535075055,1093.8570535075055,164.91800931744424,73.07378302473816,1211.815780306878,113.43012015928824,505.2227884315627,783.2958801113167,73.07378302473816,155.77729317007064,38.16423165159885,59.46893775668446,109.49251410205545,15.625813526370735,213.52313873465843,0.0,1093.8570535075055,301.98984150652115,102.52974261787224,213.52313873465843,407.5293633403589,72.07780954590967,609.6787541639651
Tây Ninh,1076.7371586414354,78.37433412015444,144.18559880585605,88.36233139156231,353.020331525224,593.404111879289,1072.954325375697,1139.368351432793,259.59476511488754,188.28083308128478,150.79512145351032,436.06585090491774,1009.6325940239107,1066.9960367880633,817.2789111708606,180.10836603042375,514.1704778691771,1034.1249864817642,1103.4545034733296,187.21743126954834,124.6271363583012,70.62861075070093,316.2171357234009,1160.2457674469492,1093.8570535075055,1111.503102867966,816.2220450424549,86.07977737549324,222.5096629285395,619.192688227962,126.09013344944385,1108.6502507758878,1055.7109608407704,256.820329269771,380.8543573577236,1012.3320307426875,1169.8818359442766,108.777844733351,1133.632498448027,1163.344350439882,225.82652136187613,266.64738544452905,181.25478574909442,784.3581988111686,990.6382736274696,1258.2823333507733,684.7717625119271,0.0,0.0,1257.9272172237168,1022.7079329207952,121.31648098721584,1168.2051536631218,613.865587992457,396.1621560573002,1022.7079329207952,941.8811882335691,1066.9960367880633,1090.6156170773313,1200.715980985331,1103.4545034733296,1280.6937178486326,1093.8570535075055,0.0,1259.6232944090868,1169.8818359442766,1280.6937178486326,691.8283194309493,1059.412755289076,574.6609279133789
Lai Châu,290.4828694348803,1324.5549444210008,1388.3958728242892,1317.012609142002,1278.5249036786727,787.0216237927226,406.86217905898525,262.26877721383966,1181.1895184891707,1441.0607220945274,1388.4339756003324,1132.1356212452442,355.2624711585393,338.40398996120746,472.88861750669406,1380.4322512002911,982.7789047593778,331.1874987037109,309.0274133546328,1286.1785709959345,1345.675076888024,1309.5394001004277,1334.8118599122506,167.466613946553,301.98984150652115,233.41188241349437,472.7722841321347,1317.6237955086915,1361.9877415549058,726.7753314075782,1306.0924912782853,252.40018202127632,261.97884203404817,1474.0679933912274,1190.5174785953222,368.73282937097395,346.01861447796193,1368.2553521803952,127.46086756146958,120.97827756241148,1469.9650619813049,1273.2031532904025,1412.1886178970356,492.4014026044392,352.8051584505556,53.638978459941036,638.0943877556704,1259.6232944090868,1259.6232944090868,288.27280907089,327.695547415891,1380.884353291006,192.35812085053806,737.7953553312244,1011.3675597090264,327.695547415891,374.33981067660704,338.40398996120746,253.28566686338033,246.01766405218225,309.0274133546328,163.7824846945694,301.98984150652115,1259.6232944090868,0.0,346.01861447796193,163.7824846945694,629.6625691399145,373.97514228682536,860.3393711376657
Lạng Sơn,131.10233744550445,1220.76104662081,1311.1445575498292,1207.248226375449,1095.1139068626228,602.9624503498786,104.95610130387507,98.74642146358339,1025.661598908394,1358.1516817509914,1273.9193079845247,931.2138938485435,169.9569078630366,110.36342572396717,369.1187078977932,1321.6010842885057,775.8472307513724,152.63602673756304,87.10761715676287,1145.8324397951521,1276.8323628843796,1204.5752922376003,1162.8217735484025,191.8825171483883,102.52974261787224,152.5564508447937,370.98699166579576,1208.7940461161425,1217.4316276575298,559.2513984427043,1246.3354313317864,134.20173431124678,187.2189413694299,1413.2581873647932,1001.1263843673987,161.7330676279312,0.0,1273.2154165996933,300.9593342737007,391.17891747705636,1394.2144161319427,1111.837638358033,1342.6417251527516,410.42473627167755,195.15328547848057,296.2070737324145,485.5272643623898,1169.8818359442766,1169.8818359442766,104.59061797385958,169.33774324668363,1285.9604840132363,159.54776252981094,567.0913032084807,840.3736822756747,169.33774324668363,248.6541819065514,110.36342572396717,152.2844948229002,101.49691962594368,87.10761715676287,212.3175770581954,102.52974261787224,1169.8818359442766,346.01861447796193,0.0,212.3175770581954,478.2640211198461,110.49214637208145,658.3602362938097
Hà Giang,218.17192815627453,1339.5894868428643,1416.4174719946486,1329.136740043046,1253.7117489537416,755.2157124729172,299.3201551014747,162.72648305389103,1169.6905048923913,1466.855484096971,1398.8647311716222,1096.8890085546375,292.26055394835714,250.85197887625338,464.9328966419203,1416.853940749983,942.7075684425388,265.1617731777217,212.44508280249485,1283.1942201372703,1377.2261190401116,1323.8867967074884,1316.3208449104475,122.11309704995014,213.52313873465843,171.70127610741096,465.74609255374656,1330.199700871058,1357.538638771869,701.5418078581681,1341.4545798246538,179.6075582065653,225.62526914573388,1510.2975552650082,1161.855258801983,298.3959982819569,212.3175770581954,1387.7989469587856,199.46702126839043,258.0368976372512,1499.2955734126233,1259.6263491979737,1443.9554249262453,496.33735326045087,302.59601960257845,110.63874408608912,617.0003076689202,1280.6937178486326,1280.6937178486326,130.78089120945086,270.6992269861219,1400.5842575382492,113.37852727366298,711.3237223444994,990.1236189473007,270.6992269861219,343.9164928660119,250.85197887625338,194.04538724968927,114.86590201019143,212.44508280249485,0.0,213.52313873465843,1280.6937178486326,163.7824846945694,212.3175770581954,0.0,608.7751383837224,279.0976960733447,820.9736932282351
Quảng Bình,394.11799950704705,742.7889157852443,833.6841643188543,729.7788034727001,650.0015410128838,159.88723276510933,381.5245862639688,455.7983666885273,560.9360250772339,880.1078492723021,797.369468888288,503.0863283099495,322.8413940449941,377.7769389877839,157.93328071048916,847.1615024825901,357.40239379098693,348.81129686816865,415.58190500670764,675.3545514569663,800.7355623477247,726.6492053363563,709.356595274165,495.569840263192,407.5293633403589,437.167172596847,158.4522725497097,731.2272097080383,749.1873951237592,97.29608202898982,772.4287366774475,430.0462419627902,385.66902252059765,937.7147487030921,560.9966157322255,323.1616580422071,478.2640211198461,794.9614982090524,504.75483740239287,567.2717350633854,916.6290716863008,651.1763320303896,866.0297413133691,151.55168202704346,307.4840573855549,612.3280255302825,8.437566419154974,691.8283194309493,691.8283194309493,569.0854005116752,339.9028236541368,807.7103816875289,495.71548749764617,108.59416878189965,383.58939297122134,339.9028236541368,265.47465187524057,377.7769389877839,414.7298005598849,516.59400881789,415.58190500670764,608.7751383837224,407.5293633403589,691.8283194309493,629.6625691399145,478.2640211198461,608.7751383837224,0.0,367.9004634294914,237.65636980461917
Hải Phòng,87.40812398997205,1110.5629984242912,1200.6533830225608,1097.217996087942,991.1082757923438,495.99252708745655,42.69732689627414,118.30017319068001,918.087517858867,1247.6786311439428,1164.15005042996,829.2664155642198,71.84564782132027,36.65513636339017,262.7591766964851,1211.3193215454612,673.9754751367776,69.09627678906914,67.73068208451083,1037.331184532469,1166.4068890174956,1094.394337398941,1057.5097151376895,206.5129264170186,72.07780954590967,141.90246317610925,264.805392899888,1098.734327600929,1109.4272004763961,450.23604599858595,1136.0920168475222,121.88988676985497,139.17445930890196,1302.885971500634,897.6185534064574,57.31864866242789,110.49214637208145,1162.85940804352,291.8479039352956,384.4852239106319,1283.722328255789,1005.1293097284328,1232.1859301472523,305.1632866583997,99.13557554730372,332.8089040629825,375.2227452060396,1059.412755289076,1059.412755289076,205.06463887088756,85.8702407077473,1175.6096255688626,185.015471398725,458.40210692329356,733.5951259917816,85.8702407077473,149.5251320001259,36.65513636339017,125.56044798863326,167.4162925795615,67.73068208451083,279.0976960733447,72.07780954590967,1059.412755289076,373.97514228682536,110.49214637208145,279.0976960733447,367.9004634294914,0.0,554.5599128813407
Đà Nẵng,602.8101588766676,605.0187149211133,717.8389701376249,586.3754716254246,436.7955499656252,79.53061572333019,553.7625908559623,660.4397222689164,376.7047525773044,755.0507680568868,644.7268507670918,275.92317897761563,528.7132824899193,574.6454330000485,394.0596780065188,750.03237072864,122.63365601658626,555.8129299219149,614.0824174375142,502.09421017499545,696.8188398293988,588.8047343736748,505.01327993401407,715.972812260116,609.6787541639651,652.7581434761325,394.8466822181215,588.750249887832,568.7242774167646,144.23044823387372,681.5148678069378,641.9071867273758,606.5572710602186,831.4680502828872,343.0710737946773,523.4149693988769,658.3602362938097,662.9190079997572,737.7776848398802,803.900080243832,796.5585084930527,457.450767160778,755.8979524311516,388.7538738075817,520.1354712572142,838.5200433789486,229.6674592843439,574.6609279133789,574.6609279133789,759.089321894517,551.1264164675257,674.9036040196571,710.7428797104373,132.42411065141172,190.8347876450718,551.1264164675257,487.7175619250782,574.6454330000485,629.8635681318891,718.0991014507038,614.0824174375142,820.9736932282351,609.6787541639651,574.6609279133789,860.3393711376657,658.3602362938097,820.9736932282351,237.65636980461917,554.5599128813407,0.0
